<?xml version="1.0" encoding="UTF-8" standalone="yes"?>
<addon id="repository.tiggers" name="Tiggers" version="1.0" provider-name="Tigger">
	<extension point="xbmc.addon.repository" name="Tiggers">
		<info compressed="false">https://github.com/yanger89/tiggers-/raw/master/plugin/addons.xml</info>
		<checksum>https://github.com/yanger89/tiggers-/raw/master/plugin/addons.xml.md5</checksum>
		<datadir zip="true">https://github.com/yanger89/tiggers/raw/master/plugin</datadir>
	</extension>
	<extension point="xbmc.addon.metadata">
		<summary></summary>
		<description></description>
		<platform>all</platform>
	</extension>
</addon>

