<?xml version="1.0" encoding="UTF-8" standalone="yes"?>
<addon id="repository.tiggers" name="Tiggers" version="1.0" provider-name="Tigger">
	<extension point="xbmc.addon.repository" name="Tiggers">
		<info compressed="false">http://tiggersbuilds.netai.net/repo/addons.xml</info>
		<checksum>http://tiggersbuilds.netai.net/repo/addons.xml.md5</checksum>
		<datadir zip="true">https://github.com/yanger89/tiggers/raw/master/tiggersrepo/plugins</datadir>
	</extension>
	<extension point="xbmc.addon.metadata">
		<summary></summary>
		<description></description>
		<platform>all</platform>
	</extension>
</addon>

